Label,WordQty,W2,W4,W5,P4,P5,P6
0,1263,143.97,105.47,107.03,8.23,8.38,8.58
1,1506,124.72,79.45,78.51,8.30,8.23,8.32
0,541,146.03,108.50,110.75,8.48,8.58,8.94
1,626,138.30,78.04,76.03,7.47,7.51,7.34
0,399,205.81,158.39,159.55,7.90,8.01,8.27
0,891,170.63,129.02,131.36,8.60,8.86,9.12
1,288,277.16,211.12,212.68,6.14,6.08,6.10
1,612,191.20,123.80,121.96,9.52,9.38,9.36
1,505,188.04,118.04,114.38,7.60,7.48,7.47
0,315,142.07,120.37,124.80,8.45,8.65,8.74
0,305,154.44,102.96,105.11,7.76,7.80,7.97
1,305,221.25,159.09,158.86,7.25,7.30,7.36
0,301,128.83,87.54,90.08,9.91,10.15,10.42
1,465,208.47,131.80,131.19,8.97,9.06,9.10
1,476,196.46,124.29,121.41,8.21,8.23,8.22
0,498,171.53,132.45,135.57,7.57,7.65,7.88
0,368,221.82,168.19,169.77,9.15,9.35,9.57
0,674,166.79,123.77,127.91,8.01,8.24,8.32
0,413,125.15,93.20,97.53,8.10,8.31,8.44
1,528,211.71,128.77,127.67,7.37,7.38,7.46
0,353,150.91,98.69,103.05,6.65,6.64,6.87
1,466,209.08,156.88,154.06,7.62,7.68,7.77
1,362,213.39,150.26,149.35,8.20,8.09,8.17
1,358,233.92,153.81,151.84,7.82,7.88,7.93
0,567,147.35,95.20,98.22,7.44,7.61,7.79
1,381,242.70,182.77,181.49,8.14,8.14,8.13
1,1533,236.03,169.46,168.86,8.56,8.64,8.79
1,394,205.48,156.12,155.13,7.50,7.46,7.62
0,1400,159.41,115.56,118.57,8.31,8.44,8.62
0,320,207.30,168.90,171.47,9.02,8.99,9.05
0,479,152.74,113.35,116.37,7.94,7.97,8.22
0,442,175.04,133.81,137.55,8.93,9.05,9.14
1,478,202.26,128.94,128.09,8.08,8.07,8.15
1,445,214.18,156.04,158.54,7.78,7.77,7.81
0,306,154.69,123.33,124.69,8.37,8.53,8.70
1,380,204.91,139.87,141.25,7.38,7.34,7.40
1,1012,159.11,110.41,109.74,8.28,8.24,8.34
1,570,155.32,101.40,100.88,7.18,7.15,7.27
1,413,248.08,146.51,145.29,7.75,7.86,7.97
1,2661,146.53,98.12,97.90,8.68,8.60,8.74
1,407,111.80,53.00,51.43,7.71,7.70,7.47
0,972,138.24,101.34,103.96,8.26,8.46,8.68
0,551,151.81,117.66,120.37,7.39,7.55,7.64
1,452,142.61,89.92,90.27,7.50,7.39,7.33
1,495,177.44,126.12,124.25,7.29,7.33,7.39
0,466,208.08,152.93,156.39,8.41,8.60,8.99
1,404,251.41,183.26,185.24,7.98,8.09,8.07
0,2685,155.91,112.73,115.62,7.88,7.98,8.24
1,374,280.76,211.02,212.02,6.43,6.52,6.60
0,365,126.12,98.91,103.17,7.37,7.58,7.84
1,525,157.23,99.58,99.56,7.16,7.04,7.13
1,1122,223.22,156.46,157.16,7.86,7.86,7.87
0,363,126.36,100.53,104.46,8.50,8.58,8.74
1,482,172.89,117.02,116.21,7.81,7.95,7.89
1,1085,187.04,126.35,123.89,8.01,7.89,7.91
0,535,101.06,80.74,83.51,8.26,8.39,8.37
1,906,149.83,104.69,105.51,8.40,8.43,8.52
1,1544,126.69,83.53,84.26,7.96,7.93,8.05
0,384,147.84,103.21,107.34,8.51,8.75,8.97
0,209,134.75,95.18,98.61,8.54,8.50,8.71
1,335,174.68,95.44,94.44,7.43,7.28,7.51
0,492,182.02,131.73,134.20,7.97,8.15,8.29
1,1294,229.36,134.13,128.80,7.48,7.41,7.29
1,991,201.44,132.05,129.64,8.27,8.30,8.37
1,4217,167.94,102.03,101.10,7.90,7.88,7.93
0,630,137.15,94.01,97.53,8.84,8.98,9.17
1,478,128.48,83.03,82.35,7.54,7.60,7.87
1,455,278.92,173.06,170.85,8.02,7.89,8.04
1,1121,150.72,118.27,117.47,6.99,6.94,6.98
1,384,311.08,216.13,214.54,8.82,8.68,8.67
1,961,140.43,95.85,95.47,8.01,8.00,8.07
0,551,154.34,114.52,116.98,9.12,9.34,9.57
0,1309,167.63,123.94,126.63,8.94,9.04,9.20
1,514,161.07,104.72,102.73,9.19,9.18,9.26
0,824,192.52,150.85,153.36,8.67,8.75,9.11
1,1195,177.93,102.71,99.25,8.03,7.97,8.05
0,1383,127.32,94.07,96.14,8.54,8.72,8.95
0,289,143.56,114.64,117.20,9.30,9.47,9.55
0,1119,146.36,110.98,114.32,8.49,8.63,8.80
0,1074,202.79,151.04,154.58,8.57,8.68,8.73
1,371,171.28,127.10,127.63,7.38,7.40,7.52
0,4051,148.97,112.82,115.77,8.23,8.40,8.57
1,472,171.38,105.35,103.89,7.30,7.30,7.44
0,433,140.38,103.51,105.86,8.60,8.69,8.86
0,400,198.31,153.13,157.96,8.39,8.44,8.33
0,1220,163.58,119.33,122.54,7.93,8.09,8.22
1,290,159.22,113.17,110.63,8.42,8.45,8.45
1,633,263.10,190.11,190.17,8.06,8.16,8.29
1,1500,129.46,80.76,80.16,7.89,7.77,7.78
1,392,213.85,137.20,134.30,8.60,8.56,8.65
1,521,188.12,114.79,112.31,9.18,9.15,9.13
0,343,166.29,129.69,132.04,9.08,9.23,9.73
0,1030,143.61,112.33,114.45,8.23,8.40,8.63
0,687,181.83,132.26,133.57,7.06,7.01,7.17
0,1291,129.95,99.31,100.85,8.61,8.66,8.84
0,501,153.60,110.93,114.28,8.21,8.38,8.58
0,398,154.02,113.55,118.20,8.35,8.44,8.78
1,554,141.03,78.80,77.28,8.33,8.41,8.48
0,367,167.48,115.45,118.36,8.36,8.38,8.56
1,457,199.00,154.27,154.60,8.64,8.60,8.75
0,476,149.27,113.69,114.91,7.69,8.00,8.10
1,508,186.36,125.53,124.07,6.84,6.82,6.89
1,416,235.64,151.07,150.08,7.90,7.84,7.96
1,499,199.13,160.48,161.89,7.88,7.87,8.04
1,6360,135.35,84.83,84.41,8.74,8.68,8.78
1,450,192.71,118.73,117.91,9.96,10.08,10.11
1,803,280.08,201.38,200.92,7.59,7.58,7.65
1,486,277.09,181.71,182.74,7.10,7.00,7.02
1,531,143.66,91.10,88.98,8.24,8.26,8.27
0,1128,149.58,106.67,109.02,7.98,8.16,8.22
1,910,192.43,120.94,119.81,7.25,7.28,7.32
1,1234,156.84,104.77,101.17,7.95,8.07,8.15
0,329,197.01,147.31,150.60,9.57,9.52,9.56
1,5832,117.07,73.67,73.13,8.30,8.27,8.40
0,501,158.94,124.07,125.47,8.41,8.67,8.79
0,646,153.55,118.17,120.77,7.84,7.92,8.07
1,1540,135.75,83.68,81.88,8.68,8.70,8.82
0,518,193.86,140.02,144.20,7.57,7.80,8.01
0,616,130.34,94.81,97.77,7.70,7.80,7.98
0,391,158.60,123.82,129.09,7.33,7.47,7.65
0,560,154.13,110.71,111.82,7.96,8.08,8.28
0,7162,154.37,113.64,116.15,8.23,8.35,8.53
0,326,97.52,64.36,66.96,7.91,7.88,8.18
1,528,200.65,135.90,134.72,8.26,8.24,8.23
0,801,124.26,88.70,92.61,7.75,7.77,7.96
0,485,170.39,129.04,131.76,7.95,8.20,8.40
0,542,145.31,87.45,90.85,8.74,8.73,8.98
0,927,157.13,122.35,125.30,8.43,8.53,8.76
1,432,285.01,218.32,218.01,7.88,7.78,7.86
1,472,208.46,130.51,130.65,8.21,8.18,8.43
0,1534,138.90,99.25,101.76,8.04,8.22,8.42
0,6817,160.64,122.22,124.97,8.22,8.33,8.57
0,1124,140.20,108.07,109.89,8.27,8.43,8.60
0,244,91.57,68.04,70.57,8.63,8.71,9.07
0,503,154.18,116.21,118.80,7.55,7.64,7.80
1,492,264.73,190.49,191.25,7.90,7.88,8.00
0,527,140.25,101.26,105.98,8.83,8.84,8.99
0,334,135.23,93.35,96.72,10.60,10.75,11.06
0,309,131.11,90.33,92.71,7.66,7.87,8.14
0,276,127.56,95.24,99.24,8.51,8.62,8.81
1,375,258.35,185.22,185.10,7.75,7.69,7.69
0,435,183.11,156.73,159.87,8.42,8.62,8.80
0,701,173.05,132.69,133.79,8.39,8.49,8.68
1,382,167.78,107.83,108.71,6.66,6.71,6.66
1,508,269.88,185.88,185.97,6.68,6.57,6.60
0,1945,166.77,126.74,130.32,8.28,8.46,8.66
0,239,134.18,93.90,95.28,9.09,9.00,9.34
0,660,186.54,147.24,148.21,8.57,8.82,8.98
0,1740,179.40,138.26,140.51,8.40,8.49,8.71
1,561,182.62,120.14,121.38,8.27,8.23,8.32
0,641,147.79,99.04,103.18,7.38,7.60,7.79
0,174,145.29,99.53,101.10,12.09,12.41,12.88
0,1820,147.82,104.79,107.06,7.96,8.13,8.27
0,591,153.45,98.65,99.89,7.74,7.88,8.18
0,1065,139.92,108.80,112.09,7.50,7.57,7.78
0,644,158.43,123.13,124.73,8.43,8.64,8.76
1,1379,93.58,42.97,41.09,7.83,7.77,7.95
1,406,251.62,193.02,193.02,9.19,9.22,9.27
1,575,199.73,124.67,125.77,9.32,9.20,9.13
1,1208,95.32,49.39,46.48,8.24,8.10,8.09
1,541,212.78,135.12,133.77,7.90,7.95,7.93
1,200,267.37,197.61,193.37,6.98,7.00,7.08
0,1155,165.23,123.16,125.63,8.57,8.71,8.92
0,706,160.73,118.35,122.77,8.16,8.29,8.47
1,1778,141.25,92.68,92.17,8.04,7.97,8.00
1,558,261.12,203.30,202.36,7.62,7.43,7.44
0,518,150.95,113.12,115.75,9.02,9.13,9.30
0,1177,163.95,116.11,118.16,9.13,9.33,9.70
0,525,124.87,95.72,99.85,8.02,8.12,8.13
0,505,139.39,117.39,119.50,7.17,7.22,7.28
1,1151,269.57,174.48,175.92,7.65,7.71,7.80
1,611,386.56,231.11,228.11,8.02,8.05,8.26
0,684,153.50,113.93,116.29,8.36,8.53,8.68
1,1022,262.23,169.34,167.47,8.32,8.21,8.33
0,447,145.62,113.50,116.21,8.25,8.31,8.52
0,460,150.53,107.95,108.90,9.11,9.32,9.70
0,747,196.10,150.95,153.62,9.01,9.15,9.56
1,519,208.42,147.06,144.34,8.19,8.19,8.15
0,170,162.11,104.42,107.23,8.47,8.75,9.22
1,455,184.57,136.76,136.01,8.08,8.24,8.09
0,431,147.19,113.43,115.50,8.54,8.59,8.59
1,854,122.37,74.88,75.22,8.33,8.31,8.38
1,368,132.59,77.71,75.17,8.13,8.17,8.15
0,460,147.26,109.11,112.60,8.14,8.37,8.41
0,5493,163.17,120.68,124.21,8.16,8.24,8.47
0,976,137.05,108.21,111.12,7.43,7.43,7.68
1,491,162.12,88.90,89.20,7.11,7.22,7.25
0,6028,161.15,121.14,124.19,8.21,8.30,8.42
1,692,177.24,131.99,131.94,8.41,8.33,8.53
1,537,205.29,156.68,156.31,7.58,7.56,7.61
1,397,212.49,146.02,144.43,7.52,7.59,7.48
0,5469,155.34,114.80,117.38,8.31,8.48,8.66
1,772,196.66,127.11,126.90,7.69,7.64,7.69
1,162,140.11,87.97,82.92,7.12,7.11,7.11
0,606,144.52,107.78,110.26,8.34,8.59,8.74
0,796,150.10,112.60,116.17,8.81,9.00,9.11
1,688,150.22,102.08,102.24,7.00,6.98,6.87
0,227,121.04,107.44,109.35,8.09,8.30,8.35
1,722,200.45,117.06,111.07,7.30,7.30,7.39
1,4494,139.00,84.71,83.63,7.48,7.46,7.56
0,641,154.48,116.74,120.50,8.38,8.64,8.80
0,467,223.54,162.96,168.05,7.91,8.08,8.30
1,1176,167.28,111.99,109.91,8.06,8.06,8.09
1,4831,123.30,78.60,77.89,8.04,8.01,8.10
1,5417,124.09,83.89,83.17,7.91,7.94,7.99
0,558,148.96,105.81,107.46,8.85,9.10,9.41
1,592,218.36,146.96,145.53,9.39,9.43,9.51
0,725,183.19,134.61,135.77,8.62,8.81,9.01
1,895,193.06,114.00,112.97,7.16,7.02,7.02
1,270,99.36,39.85,38.21,6.59,6.47,6.54
1,838,190.25,137.49,137.05,8.08,8.04,8.17
1,474,195.35,129.97,131.07,8.10,8.12,8.13
0,418,129.04,99.48,102.96,7.64,7.80,7.92
0,631,145.54,112.96,113.59,8.25,8.30,8.42
1,465,241.52,167.60,162.11,8.53,8.32,8.44
1,697,335.70,277.60,276.73,9.59,9.53,9.87
1,487,249.55,187.27,187.43,8.78,8.90,9.05
0,303,141.45,112.55,113.74,7.97,8.15,8.17
1,720,121.92,78.34,78.55,8.10,7.93,8.02
1,412,230.04,133.38,133.83,8.26,8.22,8.30
1,4321,104.57,66.81,65.42,7.97,7.94,8.01
1,1183,163.80,107.28,106.48,8.69,8.67,8.77
0,4472,167.16,127.30,129.84,8.53,8.66,8.86
1,835,172.34,100.92,100.51,7.64,7.42,7.50
1,383,160.98,105.63,105.58,6.97,6.93,7.04
1,731,237.23,174.89,176.02,7.56,7.51,7.49
1,1237,200.79,130.44,130.22,8.76,8.80,8.97
0,939,166.57,122.29,125.27,8.91,9.09,9.39
0,787,176.48,141.50,144.01,8.82,9.04,9.24
1,477,171.28,118.45,118.68,7.44,7.38,7.39
0,307,105.21,75.68,78.51,7.72,7.89,8.00
1,804,149.59,84.90,84.04,7.93,7.93,8.01
1,366,162.75,113.12,111.95,6.88,6.89,7.06
0,674,137.73,99.22,100.97,7.70,7.81,7.95
0,1339,159.71,116.60,118.49,8.49,8.64,8.88
0,351,156.26,111.96,113.45,7.83,7.98,8.29
1,754,208.71,146.03,145.41,7.27,7.16,7.29
1,392,206.02,137.25,137.21,7.34,7.17,7.27
1,314,232.49,172.07,173.96,6.35,6.29,6.34
0,478,149.55,124.69,127.57,8.24,8.38,8.52
1,317,200.48,131.70,128.05,8.55,8.55,8.77
1,308,277.53,238.27,239.08,8.49,8.47,8.51
0,295,124.01,91.04,93.36,7.92,7.98,8.27
0,750,165.92,129.76,131.67,7.72,7.84,8.07
0,428,192.75,131.39,136.58,8.46,8.64,8.71
1,5049,121.32,76.27,75.39,7.60,7.56,7.65
0,278,175.87,145.01,144.23,9.11,9.25,9.36
0,453,123.79,98.52,102.41,7.51,7.68,7.83
0,356,155.33,114.62,118.05,8.60,8.74,8.85
1,864,118.68,76.90,75.80,8.49,8.44,8.48
1,4865,129.69,79.92,79.25,8.30,8.21,8.33
0,4987,145.31,105.78,108.62,8.04,8.15,8.30
0,527,123.83,99.63,101.87,8.00,7.96,8.03
0,4959,158.68,117.04,119.38,8.30,8.45,8.68
1,784,317.23,239.14,240.80,7.70,7.69,7.67
1,494,164.29,106.47,106.92,7.55,7.48,7.50
0,787,175.62,137.53,141.01,8.11,8.18,8.35
1,5782,111.21,65.83,65.24,8.09,8.08,8.16
0,412,165.98,123.76,127.25,9.20,9.36,9.61
1,702,210.72,143.66,144.42,6.81,6.87,6.96
0,6996,153.37,111.53,114.07,8.03,8.17,8.33
0,648,110.06,81.15,83.67,7.84,7.95,8.25
0,665,133.34,99.10,100.64,8.35,8.52,8.73
0,376,158.91,115.63,118.48,8.86,8.79,9.04
1,801,152.46,82.86,81.10,7.37,7.38,7.49
1,570,157.10,96.08,95.61,7.67,7.61,7.70
0,436,182.79,133.32,134.78,8.93,9.25,9.25
0,6253,158.25,116.26,118.94,8.16,8.28,8.47
0,5841,157.29,120.23,122.86,8.45,8.63,8.84
0,423,208.27,165.46,168.53,7.99,8.09,8.13
1,377,240.37,162.32,160.88,8.74,8.71,8.85
1,7348,135.11,85.77,85.54,8.20,8.11,8.15
1,5219,118.45,73.47,72.60,8.19,8.25,8.35
0,640,131.29,95.91,98.89,8.02,8.16,8.28
0,658,154.02,116.62,119.66,8.25,8.18,8.42
0,1928,180.28,135.42,137.73,8.20,8.31,8.51
1,472,217.32,159.18,159.94,6.63,6.60,6.66
0,771,163.81,122.36,124.56,7.90,8.05,8.22
1,811,177.65,101.13,101.88,8.09,8.03,7.99
0,402,125.25,100.98,104.24,8.16,8.28,8.62
0,1711,151.72,112.06,115.05,8.11,8.25,8.46
1,567,218.87,133.21,134.29,7.25,7.24,7.21
0,714,117.41,81.76,83.71,8.21,8.36,8.61
0,1187,132.93,99.12,102.74,8.63,8.79,9.14
1,1583,108.88,71.53,70.87,8.23,8.24,8.36
1,1100,155.43,94.03,93.97,8.28,8.23,8.36
1,446,189.69,143.53,142.76,8.24,8.15,8.29
1,1659,149.79,89.04,87.28,7.93,7.94,8.07
0,583,148.55,106.50,108.61,8.44,8.54,8.75
1,707,104.11,66.87,68.11,8.36,8.29,8.48
1,1294,152.14,93.89,92.53,7.74,7.72,7.86
1,517,215.89,169.25,172.03,7.90,7.90,7.98
1,539,115.30,83.50,84.59,7.57,7.48,7.55
0,556,188.66,147.90,153.13,8.71,8.80,8.98
1,2121,245.79,180.75,181.75,7.78,7.79,7.88
1,594,246.72,172.61,170.35,6.94,7.00,7.05
0,1531,140.15,97.77,100.03,8.61,8.72,8.93
0,493,128.64,87.43,90.91,8.97,9.07,9.34
0,3455,150.10,113.63,116.67,8.46,8.59,8.73
1,2743,212.61,151.67,151.88,9.30,9.34,9.52
1,2540,124.80,73.59,73.06,7.70,7.66,7.78
0,2147,175.07,126.33,129.46,8.28,8.44,8.58
0,627,124.31,83.53,87.49,8.17,8.38,8.46
1,871,252.08,184.60,179.49,8.31,8.38,8.54
1,405,350.85,223.24,215.23,6.68,6.77,6.88
0,304,174.35,119.87,123.51,8.86,8.93,9.04
0,592,145.58,107.71,111.35,8.58,8.71,8.92
1,513,175.12,114.30,115.73,7.69,7.76,7.84
1,395,164.50,103.25,102.08,8.12,8.02,7.99
0,242,130.38,114.55,117.27,7.18,7.35,7.29
1,485,223.94,137.46,136.80,8.46,8.59,8.80
1,468,151.17,97.46,96.64,7.41,7.33,7.50
0,599,188.71,136.09,137.89,7.89,7.96,8.18
1,478,214.66,141.32,141.39,8.33,8.22,8.46
1,3297,116.54,72.87,72.02,7.99,7.90,7.95
1,1093,201.32,145.71,145.99,7.39,7.43,7.41
0,332,151.89,121.99,125.94,8.71,8.93,9.49
0,627,165.36,119.46,124.05,7.62,7.79,7.98
0,3575,148.70,110.94,113.96,7.97,8.08,8.18
1,600,285.27,221.48,221.93,7.31,7.24,7.30
1,378,201.45,144.45,144.38,7.77,7.60,7.60
0,1077,164.15,128.17,130.64,8.49,8.73,8.93
1,1682,134.70,91.79,90.14,7.76,7.73,7.81
1,821,286.49,197.34,194.49,7.77,7.72,7.76
1,1658,157.92,113.08,111.99,8.20,8.17,8.19
1,1127,253.13,191.00,190.41,8.77,8.77,8.92
0,612,148.57,106.47,109.29,8.48,8.63,8.74
1,1131,165.58,103.91,103.01,7.96,7.89,8.03
0,252,143.36,95.78,96.45,8.24,8.21,8.38
1,414,139.71,86.93,87.23,8.38,8.44,8.52
1,1060,137.00,80.40,79.08,7.45,7.50,7.55
0,1959,154.87,111.11,112.41,8.77,8.98,9.16
0,577,124.92,90.21,92.47,8.78,8.87,9.03
0,2154,175.71,131.07,134.53,9.09,9.34,9.53
0,966,171.49,125.37,129.23,8.26,8.35,8.60
1,1762,148.29,89.54,88.84,8.36,8.31,8.37
0,1145,143.66,114.49,116.98,8.21,8.22,8.46
1,402,144.69,86.42,86.19,8.04,8.15,8.22
1,3573,186.88,134.53,133.82,8.50,8.39,8.41
0,377,156.77,121.78,124.88,7.00,7.10,7.30
0,1155,166.76,122.29,124.36,8.50,8.72,8.99
0,1375,142.58,104.24,108.45,8.54,8.76,8.83
1,1452,110.82,67.97,66.52,7.95,8.00,8.08
1,480,136.34,90.97,90.28,7.70,7.75,7.86
0,582,146.64,103.91,106.51,8.22,8.32,8.54
0,3165,161.96,118.72,120.78,7.96,8.07,8.30
0,1586,142.84,103.05,105.40,8.03,8.07,8.18
0,650,171.47,133.04,136.07,9.72,9.97,10.09
0,2099,153.68,115.38,118.45,8.15,8.28,8.48
1,1942,148.27,92.83,92.35,7.83,7.81,7.96
1,362,198.86,141.44,141.25,8.17,8.13,8.28
0,433,136.68,105.71,107.76,7.48,7.67,7.63
1,452,205.95,141.36,142.66,7.57,7.66,7.63
0,428,158.32,120.70,125.06,8.05,8.21,8.54
0,509,163.67,127.87,130.62,8.50,8.71,9.02
1,414,177.83,129.16,129.54,8.61,8.44,8.63
1,710,253.09,170.49,171.62,8.44,8.47,8.48
1,756,111.28,65.84,65.16,8.56,8.47,8.66
1,1198,223.56,171.74,170.49,9.25,9.35,9.52
1,1271,158.66,98.36,96.49,7.68,7.61,7.56
0,713,149.56,106.95,109.81,8.01,8.25,8.60
0,1086,157.62,110.95,114.22,8.15,8.35,8.53
0,1424,130.46,95.03,97.86,8.69,8.81,9.01
0,1158,152.42,116.31,118.16,8.10,8.18,8.38
1,330,151.18,95.74,93.97,8.30,8.14,8.31
0,408,138.24,102.86,104.24,8.59,8.76,9.11
1,352,238.37,188.93,190.99,6.18,6.13,6.16
1,912,112.92,62.17,61.27,8.38,8.41,8.47
1,323,330.95,239.43,234.25,9.66,9.46,9.59
0,317,143.18,101.49,105.15,7.15,7.26,7.27
0,1648,139.19,104.66,107.81,8.19,8.34,8.57
0,263,147.32,100.35,103.33,9.37,9.37,9.60
1,422,153.25,98.85,98.11,6.66,6.69,6.65
0,506,141.98,106.99,112.11,7.88,7.99,8.11
0,1524,137.33,104.12,107.91,8.29,8.45,8.60
1,1612,108.82,66.40,66.34,8.39,8.27,8.32
0,564,163.58,119.32,124.99,8.58,8.70,8.80
0,743,160.10,123.55,126.36,8.46,8.64,8.87
1,623,269.74,192.39,195.65,7.84,7.87,8.02
0,2569,142.19,101.65,104.19,8.50,8.64,8.93
0,347,182.48,134.87,134.81,9.78,10.25,10.60
1,629,170.99,105.45,104.69,7.43,7.33,7.41
0,1305,139.20,99.74,102.47,8.89,8.99,9.12
0,1040,145.46,110.54,114.05,7.84,8.03,8.15
0,1009,177.10,128.01,130.87,8.20,8.30,8.43
1,2607,155.21,89.32,87.09,7.88,7.82,7.76
1,418,177.58,106.32,103.77,6.93,6.88,6.94
1,1216,159.02,111.12,110.38,7.53,7.50,7.59
0,4340,151.24,106.91,109.70,8.28,8.43,8.60
1,1122,198.13,128.02,127.73,8.10,8.17,8.21
1,1201,153.11,104.13,103.62,8.15,8.07,8.19
1,3542,146.37,98.55,97.01,7.81,7.74,7.83
0,232,117.10,95.42,99.88,6.95,6.94,7.15
1,487,204.48,143.18,143.38,6.75,6.71,6.75
1,396,227.51,172.11,173.51,8.62,8.49,8.49
0,308,143.76,91.94,92.99,8.20,8.22,8.37
1,3053,102.01,54.69,52.90,8.67,8.68,8.78
0,3674,158.78,117.31,119.93,8.27,8.41,8.57
0,821,161.00,126.79,130.14,8.96,9.11,9.20
0,3673,157.47,117.30,119.25,8.33,8.50,8.67
0,586,167.66,129.99,132.31,8.01,8.24,8.28
1,664,221.50,150.70,147.93,7.89,7.89,7.91
1,3671,159.42,89.82,88.33,8.17,8.09,8.14
1,623,175.52,108.97,109.42,8.28,8.37,8.51
0,215,149.71,114.63,116.00,7.59,7.74,7.83
1,160,207.10,148.92,150.48,7.60,7.57,7.73
1,987,185.67,117.65,116.98,7.60,7.62,7.61
0,698,157.97,117.00,119.37,8.75,8.89,8.98
1,441,197.10,113.38,111.83,9.18,8.96,8.92
0,545,145.73,116.83,118.66,9.14,9.17,9.43
0,236,130.47,101.22,106.69,10.60,10.75,10.99
1,439,180.69,93.58,89.05,7.51,7.38,7.27
1,4569,110.81,61.56,60.25,8.31,8.24,8.41
0,3868,147.11,104.47,107.35,8.36,8.47,8.70
0,400,141.22,97.69,100.68,8.06,8.21,8.21
1,481,225.14,175.65,173.92,7.77,7.74,7.89
1,592,221.38,166.03,166.66,7.74,7.69,7.80
1,855,132.32,82.74,81.36,7.33,7.34,7.44
1,813,197.03,127.00,122.71,7.90,7.93,7.93
1,555,206.97,125.15,123.96,7.94,7.91,7.98
0,612,162.62,126.82,129.13,8.65,8.81,9.07
0,822,117.61,88.48,91.86,8.79,8.93,9.31
1,560,140.11,80.81,78.69,7.59,7.47,7.52
1,617,215.27,153.58,153.26,7.74,7.84,7.88
0,530,137.20,105.13,108.91,8.74,8.82,9.05
0,358,141.91,99.00,101.22,8.51,8.71,8.90
0,486,129.08,92.23,95.88,8.46,8.59,9.06
1,791,151.68,81.17,79.69,7.17,7.12,7.34
0,631,189.28,148.43,151.89,8.18,8.29,8.45
1,773,159.76,107.14,106.69,7.45,7.46,7.56
0,642,165.21,121.91,125.67,8.00,8.13,8.24
0,570,124.69,88.58,89.58,8.05,8.33,8.44
0,354,190.59,138.48,141.79,8.52,8.80,9.01
0,973,144.94,99.06,102.44,7.62,7.77,7.89
1,384,154.44,81.45,77.52,9.18,8.93,8.84
1,720,126.10,85.95,84.30,7.59,7.61,7.69
0,533,152.69,114.34,117.80,7.05,7.20,7.41
0,1010,159.85,122.30,125.43,8.62,8.68,8.76
0,292,155.88,121.57,121.12,7.79,7.92,8.32
1,525,236.47,178.20,179.30,8.15,8.18,8.33
1,690,148.01,81.56,79.31,7.61,7.54,7.59
1,414,216.45,151.09,151.91,8.20,8.21,8.36
1,10032,106.52,66.75,65.99,8.27,8.24,8.30
0,11855,156.60,118.08,120.86,8.16,8.29,8.44
1,652,155.07,96.93,96.31,7.01,6.99,7.20
0,502,120.66,81.73,84.70,7.93,7.85,8.00
0,895,171.05,118.88,121.74,7.35,7.47,7.57
1,732,149.19,110.46,109.91,8.48,8.67,8.71
1,325,100.31,65.01,65.55,7.59,7.53,7.58
0,489,137.77,96.05,97.98,8.29,8.33,8.36
1,357,163.28,100.38,100.58,7.83,7.68,7.70
1,575,189.25,107.42,107.50,6.64,6.62,6.65
0,238,142.38,102.84,105.67,9.03,9.09,9.49
1,629,182.98,115.72,113.41,7.09,7.00,6.96
0,547,171.17,124.77,130.07,9.20,9.22,9.52
1,382,150.80,73.42,67.28,6.81,6.74,6.77
0,658,181.44,135.68,136.79,8.10,8.19,8.33
0,338,157.28,121.85,126.96,7.74,7.86,8.06
0,277,149.65,108.75,108.79,8.70,8.90,9.15
0,702,144.22,110.92,115.70,9.40,9.58,9.61
0,328,163.56,133.89,137.23,8.14,8.26,8.65
1,422,199.63,120.67,118.77,6.89,6.91,6.90
0,1411,179.26,142.32,144.85,8.30,8.41,8.57
1,556,196.19,133.28,133.40,6.81,6.80,6.85
1,441,195.68,153.60,154.62,7.45,7.35,7.37
1,1808,115.68,68.47,67.66,7.95,7.90,8.06
0,206,164.54,103.62,102.43,8.59,8.77,9.20
0,1031,124.74,92.39,93.94,8.15,8.23,8.48
0,779,161.39,119.55,122.75,7.85,8.04,8.27
0,358,181.48,133.64,139.81,7.02,7.22,7.33
1,241,317.57,205.16,203.38,8.37,8.58,8.73
0,2005,156.00,116.28,119.14,8.18,8.35,8.53
1,937,251.06,168.89,168.55,7.55,7.63,7.67
0,220,118.85,85.23,87.80,8.96,9.39,10.03
1,785,152.40,100.46,99.95,8.39,8.39,8.59
0,549,191.11,137.16,138.57,8.15,8.24,8.39
0,585,200.13,145.24,148.04,8.61,8.80,9.01
1,447,151.71,100.53,99.16,6.68,6.62,6.65
0,508,196.29,138.40,140.90,7.59,7.74,7.98
0,424,171.72,117.60,119.14,9.09,9.15,9.39
0,690,132.60,99.00,101.64,8.35,8.53,8.69
0,352,146.53,117.95,122.19,8.53,8.57,8.87
0,496,124.31,91.66,94.56,8.58,8.64,8.81
1,1677,116.18,75.95,74.88,8.24,8.25,8.35
0,1433,171.73,125.91,128.04,8.17,8.34,8.50
1,378,311.41,233.58,230.22,7.01,6.83,6.81
1,334,184.07,125.45,125.28,8.66,8.50,8.63
0,432,158.15,111.65,115.31,8.13,8.27,8.23
0,712,132.96,99.05,101.35,8.71,8.85,8.96
1,547,127.21,80.46,80.37,7.87,7.91,7.98
1,494,172.32,110.62,110.85,7.73,7.70,7.79
0,1396,160.56,116.86,118.80,8.79,8.94,9.26
1,436,195.31,132.11,133.21,9.03,9.11,9.30
1,760,261.42,174.95,176.22,7.07,7.03,7.16
0,487,178.24,134.15,139.89,8.70,8.80,8.94
1,431,190.84,97.45,96.80,8.19,8.19,8.19
1,559,231.70,177.15,176.53,8.22,8.40,8.44
0,653,153.19,117.71,120.49,7.56,7.59,7.72
1,1700,210.25,165.11,165.19,7.50,7.47,7.56
0,498,144.91,103.32,105.83,8.27,8.60,8.70
1,458,172.24,103.99,103.26,7.15,7.11,7.24
0,405,153.22,113.42,116.13,8.62,8.85,9.02
0,507,204.36,141.37,144.22,8.33,8.47,8.65
0,1019,149.96,110.64,115.11,7.99,8.10,8.27
0,614,167.47,117.85,121.81,8.48,8.61,8.79
0,703,183.59,138.96,142.51,8.45,8.68,8.81
1,540,186.21,135.31,136.46,7.64,7.66,7.80
1,1594,128.50,76.84,76.18,8.03,8.01,8.02
1,657,114.67,58.44,56.71,7.58,7.59,7.56
0,354,163.49,134.46,138.83,8.76,8.77,8.94
1,973,157.47,101.71,102.11,7.93,7.80,7.97
1,632,230.31,163.59,163.16,8.30,8.29,8.37
0,1909,149.75,109.33,112.16,8.77,9.01,9.29
1,417,257.38,177.48,175.86,7.26,7.32,7.28
1,398,137.35,75.85,75.63,7.15,7.10,7.25
1,975,236.57,154.38,153.31,7.82,7.77,7.94
0,415,139.20,94.30,96.44,8.51,8.48,8.67
0,1063,181.85,144.45,146.67,9.30,9.44,9.90
1,591,187.22,107.56,104.66,8.27,8.25,8.32
1,532,175.47,124.09,122.34,8.44,8.41,8.41
0,613,126.49,95.10,96.97,8.55,8.60,8.79
1,523,224.50,155.05,154.04,7.44,7.44,7.58
1,2331,147.77,95.48,94.98,7.96,7.91,7.95
0,328,137.53,110.03,112.42,8.72,8.85,8.98
0,1388,183.05,131.17,133.49,8.21,8.33,8.45
0,1978,157.64,119.11,120.95,8.19,8.26,8.47
0,1910,151.23,110.67,113.82,8.08,8.19,8.28
0,737,157.77,116.06,119.12,8.16,8.31,8.38
0,728,153.23,121.64,123.06,8.00,8.18,8.41
0,889,188.47,144.37,148.66,7.99,8.08,8.23
1,427,167.01,104.65,103.77,7.85,7.80,7.97
0,949,172.12,123.35,124.92,8.44,8.51,8.65
0,937,131.54,107.19,109.59,8.82,8.95,9.24
1,1139,123.96,73.87,72.57,7.35,7.36,7.36
1,503,169.12,90.25,90.68,7.95,7.91,7.87
1,359,315.47,225.50,223.32,7.64,7.50,7.48
1,1516,151.50,92.22,91.14,8.62,8.61,8.63
0,1004,121.68,96.21,99.28,8.04,8.23,8.48
0,3442,165.58,119.78,123.36,8.29,8.42,8.59
0,539,192.14,143.80,143.66,7.37,7.39,7.64
1,2199,135.23,89.28,88.92,7.88,7.85,7.93
0,499,152.94,140.70,144.65,8.02,8.14,8.33
1,1594,122.98,75.23,74.04,8.01,7.96,7.98
1,542,208.69,144.73,146.39,8.59,8.77,8.89
0,1288,188.99,142.35,145.46,8.37,8.47,8.68
0,752,144.87,98.65,101.91,7.93,8.03,8.13
1,693,188.52,129.24,125.31,7.74,7.74,7.73
1,896,235.86,191.78,192.23,7.67,7.68,7.81
0,624,160.87,110.74,113.90,7.62,7.83,7.95
0,360,212.83,165.58,167.28,9.22,9.07,9.41
0,186,128.72,88.58,92.68,11.23,11.52,11.90
1,924,124.17,82.17,81.65,7.65,7.59,7.64
1,1078,190.01,133.38,131.66,8.36,8.32,8.46
1,1242,107.08,74.06,73.15,8.60,8.65,8.80
1,4076,144.68,90.45,89.20,7.84,7.77,7.80
1,509,172.96,115.81,115.21,9.68,9.79,10.15
1,568,288.01,222.70,226.06,8.15,8.09,8.25
0,384,122.32,80.54,82.86,8.01,8.25,8.29
1,1730,157.40,100.79,99.35,8.31,8.24,8.36
1,639,262.22,186.91,187.81,7.77,7.82,7.97
1,550,127.63,71.40,71.15,7.05,7.03,7.10
1,334,199.34,142.89,139.10,6.94,6.95,7.15
1,314,174.61,98.93,96.13,8.39,8.26,8.39
1,493,132.98,74.30,71.98,7.12,6.97,7.00
0,1340,138.74,106.21,107.56,7.20,7.27,7.43
1,1302,214.71,122.04,118.87,7.69,7.74,7.75
1,4154,138.50,86.75,84.94,8.46,8.41,8.49
1,550,241.70,138.33,136.28,8.33,8.34,8.59
1,331,162.60,100.21,99.42,7.74,7.86,7.72
0,4357,152.12,112.04,114.58,8.28,8.40,8.70
1,819,161.67,110.60,111.38,7.11,7.25,7.31
1,541,214.14,124.18,121.23,7.58,7.46,7.60
0,572,178.59,137.54,141.76,8.44,8.71,8.99
0,253,152.75,125.93,130.15,7.87,8.14,8.52
0,1095,170.32,123.46,125.88,8.92,9.02,9.15
0,596,176.03,125.09,126.89,7.97,8.01,8.14
1,446,171.47,132.23,132.63,7.47,7.40,7.41
0,364,156.34,119.16,125.13,9.27,9.49,9.88
0,408,153.50,113.13,114.48,8.67,8.87,9.11
0,443,169.61,134.25,136.92,8.58,8.75,8.97
1,536,161.19,110.92,109.78,7.64,7.70,7.78
1,542,195.02,125.44,125.13,7.61,7.55,7.71
1,510,272.26,192.15,190.35,8.13,8.02,8.17
1,676,178.49,117.88,116.17,6.77,6.72,6.73
0,435,144.54,102.98,106.93,8.77,8.84,9.21
1,955,139.12,84.87,82.63,7.89,7.89,7.95
1,734,126.20,79.07,78.44,7.48,7.39,7.44
0,526,153.77,129.92,132.88,8.54,8.68,8.85
0,961,148.21,109.69,112.37,8.56,8.72,8.94
1,505,145.97,94.39,93.76,6.87,6.88,7.02
1,1394,117.65,60.53,59.32,7.05,7.00,7.01
0,688,132.21,99.31,101.10,7.82,7.90,8.08
1,341,175.39,126.06,124.46,7.79,7.85,7.97
0,379,124.93,96.50,97.02,8.21,8.49,8.58
1,588,142.68,104.07,101.72,6.74,6.63,6.56
1,372,183.34,99.40,98.19,8.70,8.55,8.65
0,966,177.78,131.38,136.47,8.43,8.66,8.85
1,1035,188.28,122.33,122.40,8.13,8.13,8.26
0,300,175.57,116.33,119.52,8.54,8.74,8.88
1,805,205.76,126.94,126.80,7.01,6.98,7.04
1,4674,94.64,57.79,56.81,7.50,7.50,7.61
1,1100,213.71,133.91,130.80,7.63,7.56,7.55
0,593,146.28,102.60,105.80,8.53,8.72,8.93
0,588,161.25,124.06,126.74,7.59,7.73,7.87
1,562,145.47,73.69,70.47,7.58,7.59,7.54
1,3157,150.59,95.13,94.13,7.92,7.90,7.95
1,914,161.57,106.32,104.05,7.83,7.74,7.82
0,1064,147.03,105.36,107.66,8.38,8.55,8.67
0,618,150.73,116.67,119.45,8.62,8.80,9.01
1,4410,148.64,94.34,93.23,8.60,8.56,8.64
0,5964,151.86,112.71,115.26,8.43,8.53,8.74
0,781,151.32,106.09,107.32,7.60,7.76,7.79
1,1633,111.20,64.93,63.70,7.75,7.75,7.84
1,4189,144.96,92.80,90.81,8.11,8.10,8.17
1,1551,130.35,75.67,74.97,7.54,7.47,7.49
0,456,149.13,98.26,99.42,7.56,7.67,7.85
1,773,139.92,93.85,94.55,7.60,7.55,7.64
1,1325,150.38,82.93,81.29,7.97,8.01,8.02
0,3778,160.80,120.72,123.39,8.21,8.36,8.63
0,768,145.47,108.23,111.52,8.02,8.06,8.28
0,5330,154.32,113.96,117.06,8.08,8.20,8.38
1,324,155.37,77.89,74.37,7.39,7.40,7.32
1,460,185.23,145.09,145.06,8.21,8.03,8.07
0,1309,155.60,117.85,120.77,8.46,8.55,8.68
0,5167,166.59,124.63,127.99,8.04,8.16,8.31
0,1095,165.69,120.91,122.64,7.85,7.99,8.22
0,448,155.86,106.01,107.96,7.94,7.99,8.34
1,150,351.77,257.61,262.84,8.70,8.72,8.81
1,1076,179.93,118.28,117.18,7.68,7.67,7.78
0,1038,187.01,136.79,138.22,8.15,8.27,8.37
1,330,188.98,122.43,121.51,6.79,6.73,6.73
1,877,226.84,145.72,144.15,7.50,7.51,7.60
0,411,185.68,140.51,143.51,9.30,9.36,9.58
0,532,151.16,102.98,105.29,8.48,8.66,8.79
1,564,91.97,52.11,49.89,7.53,7.37,7.37
0,153,165.41,134.24,140.05,8.73,8.80,8.75
1,1345,266.46,201.81,203.11,8.12,8.11,8.12
0,1036,149.45,99.88,103.32,8.67,8.80,9.06
1,534,284.75,185.74,183.46,8.40,8.36,8.53
1,525,179.75,116.05,113.13,7.49,7.51,7.61
0,205,108.53,82.27,88.66,8.64,8.81,9.08
0,831,183.50,143.33,147.50,8.51,8.64,8.84
1,445,236.39,146.53,143.37,7.27,7.32,7.41
0,489,147.34,115.13,116.67,8.27,8.36,8.49
0,1122,156.65,108.34,110.34,7.95,8.02,8.17
1,447,158.33,90.98,89.14,6.93,6.87,6.95
0,576,166.72,117.42,120.33,8.43,8.42,8.54
0,612,207.29,156.33,159.93,8.45,8.73,8.96
0,476,137.46,102.12,103.67,9.10,9.25,9.27
0,533,157.43,128.26,133.04,8.66,8.69,8.84
1,535,200.94,124.86,122.61,7.64,7.62,7.63
0,463,144.51,106.25,109.36,7.34,7.46,7.60
1,881,109.15,71.68,70.06,9.16,9.12,9.49
0,767,131.57,98.81,101.66,8.07,8.30,8.62
0,774,146.96,118.45,122.03,9.08,9.30,9.47
1,488,152.48,104.35,103.66,8.01,8.10,8.23
1,467,239.12,188.28,188.32,8.04,8.03,8.09
0,378,147.97,99.39,103.91,7.51,7.79,7.83
0,1007,138.95,101.44,104.55,7.76,7.86,8.11
1,991,173.11,109.47,107.27,7.88,7.97,8.10
0,140,171.32,123.33,124.26,8.00,8.26,8.56
0,1247,157.07,115.66,118.00,7.82,7.95,8.16
1,127,334.56,215.34,216.43,7.82,7.70,7.77
1,1361,247.20,183.99,184.18,8.93,8.91,9.12
1,700,148.71,85.12,82.82,8.70,8.68,8.86
0,757,136.19,96.87,99.75,8.32,8.52,8.76
1,386,188.45,126.88,127.12,7.72,7.78,7.97
1,1302,115.85,72.89,71.61,8.98,9.00,9.05
1,469,127.18,81.72,79.32,6.75,6.71,6.81
0,490,159.04,127.83,132.94,7.50,7.64,7.78
1,450,124.77,60.82,59.10,7.99,7.84,7.70
0,2037,152.97,114.67,117.02,9.25,9.54,9.67
0,289,217.19,147.65,149.35,8.72,8.96,9.11
0,305,128.44,103.58,105.12,8.42,8.51,8.67
0,142,123.30,98.47,96.82,8.14,8.70,8.66
0,3875,156.47,115.64,118.70,8.20,8.30,8.46
0,499,184.33,129.41,133.82,8.62,8.78,8.92
0,644,181.57,143.58,145.97,8.11,8.26,8.35
0,342,171.69,134.79,136.47,9.27,9.60,9.84
0,990,144.30,107.13,109.73,7.81,7.94,8.06
0,318,141.23,97.89,100.44,7.30,7.37,7.45
0,479,141.16,92.76,96.97,7.27,7.35,7.46
0,3691,152.97,111.71,115.16,8.35,8.49,8.68
1,267,230.22,146.59,146.09,7.17,6.97,6.98
1,4359,133.68,83.00,81.91,7.65,7.64,7.75
1,458,200.81,146.91,146.81,9.83,9.92,10.04
0,2230,167.49,126.49,130.12,8.38,8.52,8.68
1,514,165.90,100.83,99.00,8.01,7.89,7.56
0,305,164.68,115.63,116.87,8.15,8.25,8.31
0,511,191.98,158.53,160.71,7.17,7.41,7.53
0,756,143.14,102.87,104.56,8.12,8.32,8.54
0,879,168.78,127.58,130.72,8.18,8.36,8.66
1,434,301.74,247.29,244.98,7.98,7.97,7.98
1,945,165.53,93.79,92.24,8.07,8.00,8.15
1,631,125.65,72.16,71.16,7.63,7.68,7.72
0,855,150.55,101.00,104.01,7.84,7.89,8.05
1,500,174.37,108.39,104.99,6.90,6.85,6.81
0,946,160.60,113.95,117.38,7.96,8.02,8.24
0,575,175.98,130.41,132.31,8.64,8.75,8.93
0,353,150.40,114.52,116.94,9.66,9.75,10.13
1,3344,160.37,103.98,102.21,8.75,8.65,8.61
0,810,178.30,126.15,128.75,8.39,8.58,8.90
1,1838,222.13,177.35,176.94,7.93,7.96,8.08
1,427,246.54,179.29,180.08,7.33,7.37,7.49
0,312,135.92,114.46,116.62,10.23,10.58,10.85
0,1016,159.37,122.56,125.55,8.34,8.46,8.62
0,478,172.47,140.34,144.81,8.00,8.22,8.37
0,872,254.93,212.00,216.68,9.61,9.88,10.14
1,529,160.00,112.21,114.35,7.22,7.20,7.09
1,559,211.09,165.57,166.04,8.35,8.38,8.41
1,775,174.15,111.14,109.56,7.97,7.85,7.87
1,963,138.44,95.31,93.97,7.20,7.28,7.35
0,370,164.72,129.22,130.77,8.63,8.89,9.11
1,891,133.28,87.00,84.95,8.71,8.69,8.83
0,367,180.46,137.88,140.94,9.27,9.47,9.67
0,488,143.68,109.39,111.61,7.62,7.70,7.89
1,469,223.22,155.55,153.62,7.67,7.65,7.74
1,382,177.68,102.36,100.28,6.84,6.68,6.68
0,6986,161.98,122.31,125.09,8.23,8.37,8.57
0,1163,139.02,99.22,102.02,7.82,7.99,8.24
1,815,159.32,102.06,101.17,7.43,7.35,7.33
1,425,196.62,143.96,142.68,8.29,8.28,8.41
1,1021,133.68,77.19,75.12,7.98,7.97,8.05
1,441,202.59,123.85,121.25,8.47,8.28,8.34
0,463,255.01,198.61,200.76,9.06,9.36,9.40
1,723,181.92,128.13,127.45,7.78,7.74,7.83
0,523,129.33,96.06,97.80,8.06,8.32,8.68
1,494,225.68,157.80,157.24,6.35,6.22,6.26
1,422,208.42,139.56,138.87,8.34,8.41,8.56
1,440,231.57,158.61,157.85,7.52,7.41,7.40
1,8478,137.51,90.28,88.79,8.18,8.14,8.18
1,1457,118.02,68.06,67.05,7.90,7.80,7.80
0,706,152.49,115.35,117.67,7.85,8.13,8.33
0,563,133.44,101.76,104.04,7.90,8.04,8.06
1,422,292.84,218.99,215.11,8.31,8.18,8.45
0,1185,141.51,102.37,103.77,8.25,8.46,8.61
0,669,183.48,139.90,142.96,8.84,8.91,9.13
1,634,143.48,79.15,76.65,9.07,9.17,9.23
1,1012,197.29,141.91,141.67,7.69,7.66,7.74
1,441,167.46,103.51,102.70,8.04,8.15,8.34
1,1097,116.68,78.02,78.47,7.93,7.97,8.05
0,759,188.29,135.80,140.10,7.79,7.95,8.19
1,632,258.29,191.80,190.64,7.98,8.03,8.18
0,1984,179.97,135.94,138.47,8.59,8.67,8.84
0,528,152.07,105.02,109.32,8.11,8.10,8.18
1,694,142.68,81.83,80.37,7.26,7.18,7.19
1,1333,127.68,96.31,96.31,8.15,8.12,8.29
1,521,117.04,48.09,45.09,6.70,6.56,6.35
1,510,228.86,153.11,152.40,9.20,9.20,9.23
1,553,185.04,107.34,107.20,7.63,7.44,7.30
0,469,136.72,102.83,106.51,8.65,8.92,9.18
1,2017,176.63,109.23,107.72,7.71,7.65,7.70
0,431,140.87,107.89,112.32,8.68,8.81,8.95
1,532,142.33,81.43,80.88,7.67,7.57,7.75
0,1863,141.95,103.86,106.04,7.83,7.93,8.05
0,452,160.73,120.29,123.75,7.51,7.72,7.85
0,711,191.11,152.69,154.51,8.04,8.05,8.30
1,511,160.38,95.09,92.77,8.91,8.95,8.85
0,2517,157.99,120.80,123.70,8.09,8.20,8.41
1,3323,125.40,74.70,73.20,7.65,7.62,7.64
1,557,180.09,122.36,122.15,8.80,8.81,8.97
1,636,121.05,77.50,74.59,7.55,7.49,7.46
0,793,149.20,113.10,115.20,8.82,8.96,9.19
0,726,130.62,88.86,92.01,8.77,8.94,9.16
1,542,199.91,134.47,133.16,7.34,7.38,7.55
1,839,274.47,191.83,190.41,8.09,8.12,8.13
1,269,201.19,116.84,114.26,7.18,7.15,7.26
1,4420,168.64,108.40,107.38,7.65,7.63,7.65
0,463,125.04,87.86,91.66,8.49,8.67,8.94
1,682,98.68,52.06,51.26,7.83,7.74,7.94
0,611,165.28,121.35,125.80,8.24,8.38,8.61
0,470,160.56,115.13,117.58,9.20,9.35,9.54
1,548,153.07,94.07,92.54,7.45,7.44,7.53
0,2999,153.31,115.95,118.63,8.24,8.35,8.50
1,2023,121.98,76.75,76.59,7.97,7.88,7.93
1,506,132.76,71.99,70.72,7.37,7.23,7.26
1,1585,131.95,84.72,83.44,8.85,8.87,8.99
1,9379,129.37,85.51,84.88,8.38,8.38,8.48
0,506,138.58,107.68,111.59,8.98,9.24,9.36
1,935,152.36,94.75,94.52,8.50,8.42,8.59
0,403,130.31,96.96,99.29,8.26,8.20,8.47
1,737,145.64,91.10,89.29,7.69,7.58,7.62
0,1364,148.66,104.83,107.35,8.36,8.48,8.69
0,504,153.92,109.75,111.41,7.88,8.02,8.22
0,1730,138.26,103.46,105.89,7.97,8.02,8.22
1,2644,157.36,98.15,97.14,8.21,8.15,8.15
1,355,107.92,66.53,63.06,7.95,7.76,7.86
1,479,257.33,183.18,182.17,7.91,7.84,7.97
1,1457,91.95,56.80,56.85,7.76,7.74,7.76
0,11493,155.28,114.14,116.80,8.30,8.46,8.64
0,941,169.28,128.13,130.89,8.07,8.22,8.42
0,699,154.51,109.76,113.56,8.67,8.79,8.99
0,2885,153.85,111.68,114.79,8.02,8.22,8.40
0,181,133.67,105.55,105.52,8.30,8.41,8.79
1,505,260.20,180.12,180.37,7.54,7.65,7.54
0,429,246.63,191.95,197.68,8.69,8.77,8.92
0,1501,170.52,127.58,131.75,7.68,7.74,7.85
0,376,117.21,84.40,87.14,7.58,7.80,7.86
1,461,166.28,97.78,95.04,7.53,7.63,7.70
1,752,196.92,130.06,129.34,8.50,8.53,8.63
0,433,140.30,110.13,113.51,7.51,7.61,7.78
1,3116,122.31,77.97,77.48,8.39,8.41,8.50
1,2111,243.72,158.51,157.90,7.99,8.03,8.14
1,4227,142.58,93.26,93.37,8.60,8.72,8.79
1,1469,255.99,198.72,198.09,10.28,10.38,10.61
0,925,160.20,121.69,126.21,8.22,8.46,8.63
0,3304,154.65,116.77,119.28,8.42,8.63,8.72
1,711,122.57,73.82,72.72,7.51,7.40,7.42
0,1695,173.99,128.66,131.06,8.08,8.22,8.41
1,2027,168.46,111.21,111.30,8.37,8.32,8.48
1,874,154.97,102.30,101.46,6.84,6.79,6.81
0,4512,155.88,114.64,117.52,8.10,8.21,8.37
1,3370,128.79,84.56,84.34,7.64,7.58,7.68
1,1381,228.63,161.38,161.31,7.40,7.27,7.30
1,853,124.86,63.56,63.06,7.39,7.32,7.31
0,1275,146.53,107.12,110.25,8.62,8.71,8.93
1,1334,107.42,66.22,65.34,8.19,8.13,8.15
0,534,148.00,105.82,107.59,9.64,9.85,10.08
1,554,191.92,140.61,141.66,7.58,7.54,7.59
0,1810,161.44,117.06,119.49,8.53,8.67,8.92
0,821,186.47,132.60,134.27,7.66,7.76,7.93
1,1105,109.67,64.98,63.05,8.05,7.89,7.92
0,2425,159.40,117.09,119.92,7.77,7.88,8.03
0,1311,167.38,126.65,130.18,7.45,7.54,7.70
1,503,219.51,154.85,156.27,9.27,9.30,9.39
0,574,152.06,112.84,116.83,8.87,9.02,9.20
1,894,138.09,92.47,91.26,7.22,7.20,7.14
1,649,192.92,143.08,142.79,8.81,8.83,9.06
1,11998,154.77,114.24,114.06,8.27,8.23,8.32
1,541,247.24,161.01,161.63,7.96,7.99,8.16
1,2320,186.15,136.26,135.00,7.84,7.80,7.89
0,1031,167.91,123.75,126.71,8.60,8.73,8.96
1,423,140.24,86.79,86.06,7.85,7.90,8.02
0,830,151.29,107.76,109.23,8.62,8.78,8.94
0,883,140.46,99.51,102.54,8.28,8.37,8.63
0,462,169.50,127.04,131.22,8.90,9.05,9.29
1,492,173.06,95.92,93.91,7.11,7.07,7.08
1,853,261.77,156.65,153.39,7.11,7.00,7.04
1,2272,181.96,132.55,132.16,8.14,8.09,8.21
1,462,167.76,107.95,105.47,8.37,8.46,8.45
1,523,166.89,106.88,106.38,8.13,8.07,8.21
0,920,154.40,110.32,112.70,8.24,8.30,8.49
1,477,168.04,110.74,108.94,8.67,8.72,8.93
0,1313,138.61,103.69,106.98,8.04,8.13,8.36
0,15812,149.14,110.29,113.13,8.28,8.41,8.59
0,604,146.35,107.07,108.09,7.47,7.57,7.68
1,565,163.84,110.73,109.83,8.28,8.18,8.53
0,1622,132.34,95.90,97.53,7.79,7.95,8.12
1,367,108.65,57.02,56.10,8.20,8.05,8.15
1,1556,171.87,116.80,114.82,7.56,7.58,7.65
0,447,148.59,117.07,119.14,7.67,7.85,8.12
0,560,161.14,115.20,117.28,8.88,9.02,9.24
0,626,172.50,132.22,136.72,7.90,7.99,8.21
0,1487,151.91,112.91,116.27,8.24,8.47,8.70
1,2670,183.42,121.05,120.11,8.86,8.81,8.89
0,425,98.46,78.93,81.89,7.67,7.69,8.01
1,834,162.43,114.13,113.91,6.90,6.84,6.96
1,356,202.25,130.75,130.88,7.82,7.85,7.91
1,238,109.79,72.24,72.68,8.34,8.25,8.56
1,1112,241.11,182.86,183.24,7.68,7.68,7.75
1,453,153.33,101.52,99.57,8.16,8.32,8.24
0,394,151.13,113.63,116.00,7.62,7.66,7.80
0,454,117.45,92.34,94.14,8.01,8.18,8.29
0,663,146.59,107.61,109.87,8.55,8.56,8.92
1,450,330.84,270.66,267.68,7.75,7.60,7.68
1,6166,103.84,60.56,59.66,7.98,7.96,8.07
1,628,195.16,143.56,144.41,7.23,7.19,7.39
0,344,154.29,118.65,122.17,8.91,9.10,9.28
0,1658,142.05,102.31,105.48,8.26,8.40,8.59
0,3117,149.11,109.96,112.69,8.31,8.46,8.63
0,773,174.51,133.04,135.59,7.74,7.94,8.13
0,415,165.40,129.76,132.86,9.17,9.09,9.47
0,296,182.94,141.96,146.00,9.36,9.52,9.75
0,936,164.19,127.09,130.23,8.39,8.59,8.87
0,430,170.08,117.04,119.25,8.58,8.67,8.98
0,794,185.77,134.72,138.97,8.40,8.51,8.62
0,9232,161.67,121.60,124.70,8.31,8.45,8.64
0,460,144.00,103.28,107.55,9.36,9.55,9.81
1,339,152.60,82.02,79.77,7.10,7.05,6.94
1,542,178.47,139.62,142.02,8.76,8.88,8.98
1,461,172.83,115.12,109.69,9.87,9.84,9.89
0,347,231.87,184.94,185.96,8.19,8.14,8.38
0,594,128.94,100.97,101.92,7.85,7.86,7.99
0,593,130.97,95.61,98.12,7.96,8.14,8.39
1,730,136.37,79.16,78.30,8.02,7.97,8.01
0,486,122.56,95.49,99.91,8.16,8.32,8.44
0,476,167.67,123.49,126.09,7.49,7.52,7.68
1,482,147.96,87.50,87.12,7.07,7.08,7.15
0,1210,182.23,135.56,138.67,8.95,9.00,9.32
0,4314,157.51,123.14,126.61,8.02,8.12,8.29
1,1052,179.98,79.79,76.25,7.23,7.06,7.08
0,809,157.24,115.28,118.42,7.98,8.04,8.27
1,3164,131.19,78.56,76.52,7.03,7.03,7.06
1,634,150.23,107.59,105.49,8.17,8.15,8.16
0,748,189.41,131.54,135.08,8.36,8.52,8.67
0,170,170.04,132.01,137.48,8.10,8.25,8.45
0,416,143.87,107.66,108.96,8.59,8.76,8.75
1,701,126.19,76.23,76.61,7.29,7.14,7.19
0,1603,146.76,108.00,110.53,7.97,8.05,8.24
1,205,231.33,140.77,137.55,6.25,6.13,6.10
0,1052,168.52,130.87,133.68,7.79,7.79,7.91
1,400,200.36,150.20,150.40,6.37,6.35,6.35
1,2006,145.68,88.72,87.99,7.94,7.92,7.97
1,1190,161.06,108.94,107.40,7.41,7.38,7.44
1,624,111.97,65.39,65.66,8.08,8.02,8.12
0,358,235.05,188.88,193.70,9.41,9.75,10.02
1,437,105.41,66.81,64.86,7.72,7.63,7.76
0,447,158.42,114.46,117.62,8.58,8.47,8.52
1,527,162.14,93.46,91.18,6.02,6.07,6.14
0,418,229.60,170.98,174.56,8.78,8.89,9.17
0,672,147.08,113.66,116.06,8.01,8.18,8.36
0,638,136.83,100.13,101.56,8.40,8.59,8.77
1,676,118.50,75.24,74.93,7.72,7.54,7.59
0,671,126.51,93.17,96.03,8.23,8.27,8.42
1,533,169.55,115.35,115.47,7.79,7.84,7.92
0,1212,161.61,126.11,128.11,8.36,8.48,8.69
1,941,200.69,123.13,121.39,6.46,6.44,6.45
1,1083,137.44,76.41,72.96,7.61,7.53,7.52
0,486,173.71,132.20,136.14,9.05,9.20,9.33
0,3316,151.86,115.20,117.85,8.06,8.17,8.31
0,919,150.93,111.52,112.71,8.20,8.37,8.49
1,799,188.19,118.99,116.36,8.12,8.11,8.17
0,475,125.79,88.19,89.56,7.88,8.07,8.34
0,521,147.79,99.75,102.46,7.94,8.06,8.26
0,344,114.52,79.77,83.18,8.17,8.33,8.43
1,3835,115.67,70.45,69.88,7.90,7.89,7.91
1,1338,115.77,66.43,65.43,7.49,7.38,7.37
1,408,189.45,140.48,138.34,8.04,8.03,8.11
1,490,152.75,103.46,101.00,6.54,6.56,6.62
0,505,193.00,154.66,157.10,8.40,8.57,8.73
1,435,273.63,226.91,225.67,8.37,8.33,8.32
0,598,163.51,120.75,124.19,8.32,8.41,8.56
0,213,173.49,126.01,126.26,8.21,8.34,8.69
0,413,130.88,98.70,103.41,7.64,7.85,7.98
1,392,225.63,160.77,160.89,8.20,8.04,8.24
0,1157,138.70,107.72,110.06,8.20,8.33,8.47
1,442,190.91,130.59,130.00,6.98,6.82,6.77
1,229,269.57,193.07,192.80,7.82,7.85,7.88
0,1301,153.75,113.28,116.40,8.41,8.48,8.64
1,482,148.94,84.98,84.72,8.01,7.89,7.94
0,1902,152.53,118.17,120.69,8.53,8.77,8.97
1,1219,160.18,94.66,93.18,7.61,7.63,7.67
0,528,146.94,107.46,109.24,8.79,8.97,9.11
1,1406,133.41,84.39,83.79,7.85,7.87,8.00
0,437,142.25,102.96,108.45,8.01,8.11,8.24
1,3545,138.31,85.53,85.22,8.20,8.06,8.14
1,567,193.40,139.36,139.31,7.98,8.00,8.03
1,430,192.77,120.01,117.77,7.59,7.68,7.81
0,583,156.83,119.45,122.02,8.13,8.47,8.60
0,1711,167.18,125.81,127.92,9.01,9.08,9.30
1,508,289.34,206.26,206.78,8.43,8.55,8.51
0,567,147.34,117.27,120.45,7.08,7.08,7.29
0,1288,159.78,116.79,120.68,8.01,8.15,8.28
1,2136,157.40,104.05,104.08,7.48,7.41,7.40
1,734,143.77,98.45,98.04,8.13,8.11,8.17
1,1478,108.65,63.63,62.85,7.87,7.80,7.90
1,1035,285.35,192.35,189.78,6.78,6.80,6.88
1,305,237.05,165.14,163.91,6.67,6.66,6.63
0,944,150.22,108.63,111.05,7.99,8.16,8.31
0,202,158.78,135.90,137.45,9.54,9.78,9.94
0,609,126.15,103.78,106.52,8.12,8.06,8.31
1,493,193.95,131.20,131.44,8.08,8.12,8.10
1,2237,126.04,85.28,85.00,7.86,7.81,7.86
0,2018,137.94,93.77,96.49,8.02,8.12,8.33
0,1013,130.72,91.97,94.12,8.37,8.50,8.62
0,648,183.02,130.33,132.33,8.30,8.41,8.60
0,790,174.00,132.21,133.61,8.64,8.73,8.95
0,392,125.34,97.59,100.90,7.92,8.06,8.17
1,1059,108.44,59.12,57.88,7.36,7.28,7.32
1,727,197.68,116.99,115.76,7.61,7.59,7.66
0,744,148.45,104.88,108.31,8.71,8.93,9.16
0,470,150.91,114.11,117.84,9.04,9.13,9.19
0,1863,160.89,119.54,122.47,8.63,8.80,9.06
1,612,131.71,81.18,78.56,7.55,7.60,7.58
0,952,179.58,141.92,143.75,7.41,7.53,7.74
0,354,136.04,88.51,89.69,8.07,8.12,8.32
1,361,331.15,242.25,243.41,8.45,8.33,8.50
1,862,133.99,68.61,66.42,8.31,8.29,8.33
1,475,170.09,102.32,101.35,7.74,7.55,7.55
1,1559,116.23,71.87,69.86,7.92,7.87,8.00
1,612,194.10,129.97,129.13,7.04,7.07,7.11
1,347,210.91,148.04,148.54,8.74,8.82,8.99
1,838,145.46,90.04,85.89,6.68,6.72,6.84
0,470,153.21,119.04,122.50,7.81,7.95,8.05
1,459,117.13,53.78,51.96,7.09,6.96,7.07
1,1247,185.14,122.70,121.32,7.30,7.31,7.31
0,272,160.86,119.24,120.94,7.32,7.59,7.81
1,1745,113.97,66.10,65.40,8.59,8.54,8.58
0,1250,153.58,121.54,125.90,8.21,8.46,8.58
1,2280,122.63,57.74,51.29,8.14,7.99,7.86
1,661,116.62,57.38,54.94,7.05,6.92,6.91
0,1544,144.79,102.52,105.55,8.24,8.34,8.42
1,536,226.08,166.56,165.84,6.65,6.67,6.72
0,2467,148.13,111.69,114.52,8.79,8.88,9.16
0,480,155.30,114.62,117.88,7.81,7.84,8.02
1,7558,193.99,148.97,149.42,8.36,8.36,8.47
0,581,160.29,120.09,124.11,7.81,,8.02
0,5332,158.29,119.21,122.41,8.36,8.51,8.69
0,525,143.13,95.65,98.13,7.75,7.90,8.11
1,473,118.26,82.79,82.92,7.31,7.22,7.28
